"chemin";"taille";"taille_compressee";"date_modif";"dossier";"Taille_decompressee";"Taille_compressee"
"P HOGARES 2023/000 IDEN/10_IDEN_2016_2019.txt";64073300;14449796;"2021-10-04 10:22:16 +0000";NA;"64,07 Mo";"14,45 Mo"
"P HOGARES 2023/000 IDEN/10_IDEN_2020.txt";69162860;15566386;"2023-01-09 10:58:49 +0000";NA;"69,16 Mo";"15,57 Mo"
"P HOGARES 2023/000 IDEN/10_IDEN_2021.txt";74673540;16748171;"2023-08-08 06:57:48 +0000";NA;"74,67 Mo";"16,75 Mo"
"P HOGARES 2023/000 IDEN/10_IDEN_2022.txt";85105188;19265430;"2024-12-04 12:27:10 +0000";NA;"85,11 Mo";"19,27 Mo"
"P HOGARES 2023/000 IDEN/10_IDEN_2023.txt";96591056;30473878;"2025-12-05 09:17:46 +0000";NA;"96,59 Mo";"30,47 Mo"
"P HOGARES 2023/001 Relaciones/Relaciones_2016_2019.txt";130327455;32454599;"2022-12-12 14:25:49 +0000";NA;"130,33 Mo";"32,45 Mo"
"P HOGARES 2023/001 Relaciones/Relaciones_2020.txt";140125278;34824687;"2023-01-18 11:35:09 +0000";NA;"140,13 Mo";"34,82 Mo"
"P HOGARES 2023/001 Relaciones/Relaciones_2021.txt";180132496;44634365;"2023-09-11 09:21:52 +0000";NA;"180,13 Mo";"44,63 Mo"
"P HOGARES 2023/001 Relaciones/Relaciones_2022.txt";199920982;49162957;"2024-09-26 15:22:29 +0000";NA;"199,92 Mo";"49,16 Mo"
"P HOGARES 2023/001 Relaciones/Relaciones_2023.txt";230818976;56596727;"2025-09-12 12:41:19 +0000";NA;"230,82 Mo";"56,6 Mo"
"P HOGARES 2023/002 Ficheros adicionales/AnnoDefuncion.txt";1969001;514732;"2025-12-05 09:17:07 +0000";NA;"1,97 Mo";"514,73 Ko"
"P HOGARES 2023/002 Ficheros adicionales/Causantes.txt";40375573;4430778;"2025-09-15 13:01:17 +0000";NA;"40,38 Mo";"4,43 Mo"
"P HOGARES 2023/002 Ficheros adicionales/DiseñoRegistros.docx";13955;11267;"2025-12-09 16:16:20 +0000";NA;"13,96 Ko";"11,27 Ko"
"P HOGARES 2023/002 Ficheros adicionales/Herederos.txt";86172269;9055970;"2025-09-15 13:01:18 +0000";NA;"86,17 Mo";"9,06 Mo"
"P HOGARES 2023/002 Ficheros adicionales/NotaFicheros.txt";91;83;"2025-12-09 13:46:05 +0000";NA;"91 o";"83 o"
"P HOGARES 2023/002 Ficheros adicionales/_FechaNacimiento.txt";16474849;5985578;"2025-12-09 15:42:51 +0000";NA;"16,47 Mo";"5,99 Mo"
"P HOGARES 2023/00_DiseñoRegistro_2016_2019.xlsx";876694;593477;"2023-09-14 08:13:44 +0000";NA;"876,69 Ko";"593,48 Ko"
"P HOGARES 2023/00_DiseñoRegistro_2020.xlsx";768011;513754;"2023-09-14 09:57:28 +0000";NA;"768,01 Ko";"513,75 Ko"
"P HOGARES 2023/00_DiseñoRegistro_2021.xlsx";1167153;621928;"2023-09-06 10:48:40 +0000";NA;"1,17 Mo";"621,93 Ko"
"P HOGARES 2023/00_DiseñoRegistro_2022.xlsx";1342779;788596;"2024-09-06 10:17:15 +0000";NA;"1,34 Mo";"788,6 Ko"
"P HOGARES 2023/00_DiseñoRegistro_2023.xlsx";1437189;744141;"2026-05-29 09:52:46 +0000";NA;"1,44 Mo";"744,14 Ko"
"P HOGARES 2023/2016/10_IRPF2016_G1yG2C5.txt";547610880;20201388;"2021-12-20 14:05:27 +0000";NA;"547,61 Mo";"20,2 Mo"
"P HOGARES 2023/2016/10_IRPF2016_G2_C1.txt";81285990;18959138;"2021-12-20 14:05:11 +0000";NA;"81,29 Mo";"18,96 Mo"
"P HOGARES 2023/2016/10_IRPF2016_G2_C2.txt";350355994;23080697;"2021-12-20 14:05:24 +0000";NA;"350,36 Mo";"23,08 Mo"
"P HOGARES 2023/2016/10_IRPF2016_G2_C3.txt";352381712;23010684;"2021-12-20 14:05:36 +0000";NA;"352,38 Mo";"23,01 Mo"
"P HOGARES 2023/2016/10_IRPF2016_G2_C5.txt";665813004;23795731;"2021-12-20 14:05:50 +0000";NA;"665,81 Mo";"23,8 Mo"
"P HOGARES 2023/2016/10_IRPF2016_G2_C7.txt";81317150;18971725;"2021-12-20 14:05:39 +0000";NA;"81,32 Mo";"18,97 Mo"
"P HOGARES 2023/2016/10_IRPF2016_G2_C8.txt";81291158;18969604;"2021-12-20 14:05:42 +0000";NA;"81,29 Mo";"18,97 Mo"
"P HOGARES 2023/2016/10_IRPF2016_G3.txt";81286066;18954575;"2021-12-20 14:05:45 +0000";NA;"81,29 Mo";"18,95 Mo"
"P HOGARES 2023/2016/10_IRPF2016_G4.txt";263110161;20317002;"2021-12-20 14:05:53 +0000";NA;"263,11 Mo";"20,32 Mo"
"P HOGARES 2023/2016/11_M150_2016.txt";103215;5968;"2022-10-21 10:38:12 +0000";NA;"103,22 Ko";"5,97 Ko"
"P HOGARES 2023/2016/11_M151_2016.txt";548941;43144;"2022-10-21 10:38:14 +0000";NA;"548,94 Ko";"43,14 Ko"
"P HOGARES 2023/2016/1_IDEN2016.txt";303752910;36547440;"2021-10-29 08:45:50 +0000";NA;"303,75 Mo";"36,55 Mo"
"P HOGARES 2023/2016/2_Renta2016.txt";1409670195;72631610;"2021-09-30 06:35:49 +0000";NA;"1,41 Go";"72,63 Mo"
"P HOGARES 2023/2016/3_RentaImputacion2016.txt";1486677975;46502098;"2021-09-30 10:17:02 +0000";NA;"1,49 Go";"46,5 Mo"
"P HOGARES 2023/2016/4_IRPF2016.txt";18446744073708834816;158776947;"2023-08-24 06:42:15 +0000";NA;"18 446 744 To";"158,78 Mo"
"P HOGARES 2023/2016/5_Patrimonio2016.txt";519802515;42365576;"2021-09-29 11:27:54 +0000";NA;"519,8 Mo";"42,37 Mo"
"P HOGARES 2023/2016/6_M714_2016.txt";1685614740;26784731;"2021-09-29 11:31:31 +0000";NA;"1,69 Go";"26,78 Mo"
"P HOGARES 2023/2016/7_M190_2016.txt";658075138;41016059;"2022-01-14 09:39:27 +0000";NA;"658,08 Mo";"41,02 Mo"
"P HOGARES 2023/2016/8_IRPF2016_RRII.txt";716376590;38687423;"2021-10-07 08:23:03 +0000";NA;"716,38 Mo";"38,69 Mo"
"P HOGARES 2023/2016/9_IRPF2016_AAEE_ED.txt";943993553;29915811;"2023-07-11 09:31:16 +0000";NA;"943,99 Mo";"29,92 Mo"
"P HOGARES 2023/2016/9_IRPF2016_AAEE_EOBJ.txt";520094115;22083652;"2021-11-29 10:03:59 +0000";NA;"520,09 Mo";"22,08 Mo"
"P HOGARES 2023/2016/9_IRPF2016_AAEE_EOBJA.txt";584346672;23135630;"2021-11-29 10:04:26 +0000";NA;"584,35 Mo";"23,14 Mo"
"P HOGARES 2023/2017/10_IRPF2017_G1_C1.txt";229380074;21987503;"2021-12-20 14:13:30 +0000";NA;"229,38 Mo";"21,99 Mo"
"P HOGARES 2023/2017/10_IRPF2017_G1_C2.txt";201292718;21636134;"2021-12-20 14:13:29 +0000";NA;"201,29 Mo";"21,64 Mo"
"P HOGARES 2023/2017/10_IRPF2017_G1_C3.txt";229380074;22158974;"2021-12-20 14:13:37 +0000";NA;"229,38 Mo";"22,16 Mo"
"P HOGARES 2023/2017/10_IRPF2017_G2_C1.txt";88943294;20710041;"2021-12-20 14:13:33 +0000";NA;"88,94 Mo";"20,71 Mo"
"P HOGARES 2023/2017/10_IRPF2017_G2_C2.txt";385314600;25486368;"2021-12-20 14:13:46 +0000";NA;"385,31 Mo";"25,49 Mo"
"P HOGARES 2023/2017/10_IRPF2017_G2_C3.txt";387058130;25540708;"2021-12-20 14:13:51 +0000";NA;"387,06 Mo";"25,54 Mo"
"P HOGARES 2023/2017/10_IRPF2017_G2_C4.txt";376204952;23899407;"2023-05-30 05:53:09 +0000";NA;"376,2 Mo";"23,9 Mo"
"P HOGARES 2023/2017/10_IRPF2017_G2_C5.txt";728141986;26130962;"2021-12-20 14:14:16 +0000";NA;"728,14 Mo";"26,13 Mo"
"P HOGARES 2023/2017/10_IRPF2017_G2_C6.txt";88943864;20720525;"2021-12-20 14:14:01 +0000";NA;"88,94 Mo";"20,72 Mo"
"P HOGARES 2023/2017/10_IRPF2017_G2_C7.txt";88974682;20719201;"2021-12-20 14:14:04 +0000";NA;"88,97 Mo";"20,72 Mo"
"P HOGARES 2023/2017/10_IRPF2017_G2_C8.txt";88946258;20715307;"2021-12-20 14:14:07 +0000";NA;"88,95 Mo";"20,72 Mo"
"P HOGARES 2023/2017/10_IRPF2017_G3.txt";88943370;20700372;"2021-12-20 14:14:10 +0000";NA;"88,94 Mo";"20,7 Mo"
"P HOGARES 2023/2017/10_IRPF2017_G4.txt";290236012;21913175;"2021-12-20 14:14:19 +0000";NA;"290,24 Mo";"21,91 Mo"
"P HOGARES 2023/2017/11_M150_2017.txt";64878;3742;"2022-10-21 10:38:26 +0000";NA;"64,88 Ko";"3,74 Ko"
"P HOGARES 2023/2017/11_M151_2017.txt";888017;69534;"2022-10-21 10:38:29 +0000";NA;"888,02 Ko";"69,53 Ko"
"P HOGARES 2023/2017/1_IDEN2017.txt";332367046;47457738;"2022-03-24 07:02:05 +0000";NA;"332,37 Mo";"47,46 Mo"
"P HOGARES 2023/2017/2_Renta2017.txt";1542463967;83882810;"2021-09-30 06:26:43 +0000";NA;"1,54 Go";"83,88 Mo"
"P HOGARES 2023/2017/3_RentaImputacion2017.txt";1626726035;52792029;"2021-09-30 10:30:20 +0000";NA;"1,63 Go";"52,79 Mo"
"P HOGARES 2023/2017/4_IRPF2017.txt";1982729447;182666967;"2023-08-24 06:25:35 +0000";NA;"1,98 Go";"182,67 Mo"
"P HOGARES 2023/2017/5_Patrimonio2017.txt";568768959;46011608;"2021-09-29 11:22:40 +0000";NA;"568,77 Mo";"46,01 Mo"
"P HOGARES 2023/2017/6_M714_2017.txt";1844403044;29142743;"2021-09-29 11:26:36 +0000";NA;"1,84 Go";"29,14 Mo"
"P HOGARES 2023/2017/7_M190_2017.txt";751064284;48028570;"2022-01-14 09:39:04 +0000";NA;"751,06 Mo";"48,03 Mo"
"P HOGARES 2023/2017/8_IRPF2017_RRII.txt";790286202;43316600;"2021-10-07 08:22:58 +0000";NA;"790,29 Mo";"43,32 Mo"
"P HOGARES 2023/2017/9_IRPF2017_AAEE_ED.txt";1033074116;33005283;"2023-07-11 09:33:18 +0000";NA;"1,03 Go";"33,01 Mo"
"P HOGARES 2023/2017/9_IRPF2017_AAEE_EOBJ.txt";569119365;24188673;"2023-07-11 09:32:32 +0000";NA;"569,12 Mo";"24,19 Mo"
"P HOGARES 2023/2017/9_IRPF2017_AAEE_EOBJA.txt";611280531;24788710;"2021-11-29 10:03:39 +0000";NA;"611,28 Mo";"24,79 Mo"
"P HOGARES 2023/2018/10_IRPF2018_G1_C1.txt";249267704;23918184;"2021-12-20 14:27:26 +0000";NA;"249,27 Mo";"23,92 Mo"
"P HOGARES 2023/2018/10_IRPF2018_G1_C2.txt";218745128;23526654;"2021-12-20 14:27:25 +0000";NA;"218,75 Mo";"23,53 Mo"
"P HOGARES 2023/2018/10_IRPF2018_G1_C3.txt";279790280;24272517;"2021-12-20 14:27:34 +0000";NA;"279,79 Mo";"24,27 Mo"
"P HOGARES 2023/2018/10_IRPF2018_G2_C1.txt";96654824;22530561;"2021-12-20 14:27:29 +0000";NA;"96,65 Mo";"22,53 Mo"
"P HOGARES 2023/2018/10_IRPF2018_G2_C2.txt";423967246;28425797;"2021-12-20 14:27:43 +0000";NA;"423,97 Mo";"28,43 Mo"
"P HOGARES 2023/2018/10_IRPF2018_G2_C3.txt";415582344;27018502;"2021-12-20 14:27:49 +0000";NA;"415,58 Mo";"27,02 Mo"
"P HOGARES 2023/2018/10_IRPF2018_G2_C4.txt";408162506;25483339;"2021-12-20 14:27:57 +0000";NA;"408,16 Mo";"25,48 Mo"
"P HOGARES 2023/2018/10_IRPF2018_G2_C5.txt";849327318;29048904;"2022-01-13 07:11:21 +0000";NA;"849,33 Mo";"29,05 Mo"
"P HOGARES 2023/2018/10_IRPF2018_G2_C6.txt";96654900;22551864;"2021-12-20 14:28:00 +0000";NA;"96,65 Mo";"22,55 Mo"
"P HOGARES 2023/2018/10_IRPF2018_G2_C7.txt";96689138;22540038;"2021-12-20 14:28:03 +0000";NA;"96,69 Mo";"22,54 Mo"
"P HOGARES 2023/2018/10_IRPF2018_G2_C8.txt";96657864;22528824;"2021-12-20 14:28:07 +0000";NA;"96,66 Mo";"22,53 Mo"
"P HOGARES 2023/2018/10_IRPF2018_G3.txt";96654938;22520742;"2021-12-20 14:28:10 +0000";NA;"96,65 Mo";"22,52 Mo"
"P HOGARES 2023/2018/10_IRPF2018_G4.txt";315399952;23836793;"2021-12-20 14:28:19 +0000";NA;"315,4 Mo";"23,84 Mo"
"P HOGARES 2023/2018/11_M150_2018.txt";47184;2668;"2022-10-21 10:38:39 +0000";NA;"47,18 Ko";"2,67 Ko"
"P HOGARES 2023/2018/11_M151_2018.txt";1343136;104358;"2022-10-21 10:38:41 +0000";NA;"1,34 Mo";"104,36 Ko"
"P HOGARES 2023/2018/1_IDEN2018.txt";361183816;52682920;"2022-03-24 07:01:40 +0000";NA;"361,18 Mo";"52,68 Mo"
"P HOGARES 2023/2018/2_Renta2018.txt";1767765860;92386117;"2021-09-30 06:13:35 +0000";NA;"1,77 Go";"92,39 Mo"
"P HOGARES 2023/2018/3_RentaImputacion2018.txt";1889856164;57625190;"2021-09-30 10:37:49 +0000";NA;"1,89 Go";"57,63 Mo"
"P HOGARES 2023/2018/4_IRPF2018.txt";356436004;201468871;"2023-08-24 06:07:01 +0000";NA;"356,44 Mo";"201,47 Mo"
"P HOGARES 2023/2018/5_Patrimonio2018.txt";618082164;49697252;"2021-09-29 11:16:37 +0000";NA;"618,08 Mo";"49,7 Mo"
"P HOGARES 2023/2018/6_M714_2018.txt";2042469044;31772593;"2021-09-29 11:20:58 +0000";NA;"2,04 Go";"31,77 Mo"
"P HOGARES 2023/2018/7_M190_2018.txt";829175380;53700883;"2022-01-14 09:34:45 +0000";NA;"829,18 Mo";"53,7 Mo"
"P HOGARES 2023/2018/8_IRPF2018_RRII.txt";856364302;47213387;"2021-10-07 08:22:14 +0000";NA;"856,36 Mo";"47,21 Mo"
"P HOGARES 2023/2018/9_IRPF2018_AAEE_ED.txt";1184039623;36626158;"2023-07-11 09:34:08 +0000";NA;"1,18 Go";"36,63 Mo"
"P HOGARES 2023/2018/9_IRPF2018_AAEE_EOBJ.txt";618470235;26338277;"2021-11-29 09:55:56 +0000";NA;"618,47 Mo";"26,34 Mo"
"P HOGARES 2023/2018/9_IRPF2018_AAEE_EOBJA.txt";664235865;26899644;"2021-11-29 09:56:43 +0000";NA;"664,24 Mo";"26,9 Mo"
"P HOGARES 2023/2019/10_IRPF2019_G1_C1.txt";265594896;25361716;"2021-12-20 14:32:22 +0000";NA;"265,59 Mo";"25,36 Mo"
"P HOGARES 2023/2019/10_IRPF2019_G1_C2.txt";233073072;24965635;"2021-12-20 14:32:22 +0000";NA;"233,07 Mo";"24,97 Mo"
"P HOGARES 2023/2019/10_IRPF2019_G1_C3.txt";298116720;25721065;"2021-12-20 14:32:32 +0000";NA;"298,12 Mo";"25,72 Mo"
"P HOGARES 2023/2019/10_IRPF2019_G2_C1.txt";102985776;23895553;"2021-12-20 14:32:26 +0000";NA;"102,99 Mo";"23,9 Mo"
"P HOGARES 2023/2019/10_IRPF2019_G2_C2.txt";452565088;30190103;"2021-12-20 14:32:40 +0000";NA;"452,57 Mo";"30,19 Mo"
"P HOGARES 2023/2019/10_IRPF2019_G2_C3.txt";441699270;28492444;"2021-12-20 14:32:46 +0000";NA;"441,7 Mo";"28,49 Mo"
"P HOGARES 2023/2019/10_IRPF2019_G2_C4.txt";431876252;26622144;"2023-05-23 09:08:34 +0000";NA;"431,88 Mo";"26,62 Mo"
"P HOGARES 2023/2019/10_IRPF2019_G2_C5.txt";842121569;30077280;"2021-12-23 10:25:10 +0000";NA;"842,12 Mo";"30,08 Mo"
"P HOGARES 2023/2019/10_IRPF2019_G2_C6.txt";102986118;24039487;"2021-12-23 10:24:48 +0000";NA;"102,99 Mo";"24,04 Mo"
"P HOGARES 2023/2019/10_IRPF2019_G2_C7.txt";103021344;23904438;"2021-12-23 10:24:51 +0000";NA;"103,02 Mo";"23,9 Mo"
"P HOGARES 2023/2019/10_IRPF2019_G2_C8.txt";102989576;23890056;"2021-12-23 10:24:54 +0000";NA;"102,99 Mo";"23,89 Mo"
"P HOGARES 2023/2019/10_IRPF2019_G3.txt";102985814;23884338;"2021-12-23 10:24:57 +0000";NA;"102,99 Mo";"23,88 Mo"
"P HOGARES 2023/2019/10_IRPF2019_G4.txt";336058848;25273614;"2021-12-23 10:25:08 +0000";NA;"336,06 Mo";"25,27 Mo"
"P HOGARES 2023/2019/11_M150_2019.txt";19660;1232;"2022-10-21 10:38:53 +0000";NA;"19,66 Ko";"1,23 Ko"
"P HOGARES 2023/2019/11_M151_2019.txt";1804839;135393;"2022-10-21 10:38:55 +0000";NA;"1,8 Mo";"135,39 Ko"
"P HOGARES 2023/2019/1_IDEN2019.txt";384841584;56923690;"2022-03-24 07:01:09 +0000";NA;"384,84 Mo";"56,92 Mo"
"P HOGARES 2023/2019/2_Renta2019.txt";1883555640;98528699;"2021-09-29 11:34:36 +0000";NA;"1,88 Go";"98,53 Mo"
"P HOGARES 2023/2019/3_RentaImputacion2019.txt";2013642936;61034098;"2021-09-30 11:00:40 +0000";NA;"2,01 Go";"61,03 Mo"
"P HOGARES 2023/2019/4_IRPF2019.txt";18446744072794552320;220459000;"2023-08-24 05:32:32 +0000";NA;"18 446 744 To";"220,46 Mo"
"P HOGARES 2023/2019/5_Patrimonio2019.txt";658566936;52491560;"2021-10-06 06:58:57 +0000";NA;"658,57 Mo";"52,49 Mo"
"P HOGARES 2023/2019/6_M714_2019.txt";18446744071590836224;33626729;"2021-09-29 11:14:47 +0000";NA;"18 446 744 To";"33,63 Mo"
"P HOGARES 2023/2019/7_M190_2019.txt";904473934;58573409;"2022-01-14 09:34:12 +0000";NA;"904,47 Mo";"58,57 Mo"
"P HOGARES 2023/2019/8_IRPF2019_RRII.txt";18446744072246622208;85361142;"2021-10-07 08:22:28 +0000";NA;"18 446 744 To";"85,36 Mo"
"P HOGARES 2023/2019/9_IRPF2019_AAEE_ED.txt";1752038684;40318383;"2021-11-19 11:58:46 +0000";NA;"1,75 Go";"40,32 Mo"
"P HOGARES 2023/2019/9_IRPF2019_AAEE_EOBJ.txt";658946016;27926830;"2021-11-19 11:29:39 +0000";NA;"658,95 Mo";"27,93 Mo"
"P HOGARES 2023/2019/9_IRPF2019_AAEE_EOBJA.txt";707738562;28457656;"2021-11-19 12:00:42 +0000";NA;"707,74 Mo";"28,46 Mo"
"P HOGARES 2023/2020/10_IRPF2020_F1_C1.txt";272732726;25894305;"2023-01-09 10:52:29 +0000";NA;"272,73 Mo";"25,89 Mo"
"P HOGARES 2023/2020/10_IRPF2020_F1_C2.txt";239336882;25491568;"2023-01-09 10:52:11 +0000";NA;"239,34 Mo";"25,49 Mo"
"P HOGARES 2023/2020/10_IRPF2020_F1_C3.txt";306128570;26357282;"2023-01-09 10:51:55 +0000";NA;"306,13 Mo";"26,36 Mo"
"P HOGARES 2023/2020/10_IRPF2020_F2_C1.txt";105753506;24386344;"2023-01-09 10:51:35 +0000";NA;"105,75 Mo";"24,39 Mo"
"P HOGARES 2023/2020/10_IRPF2020_F2_C2.txt";460795624;30611212;"2023-01-09 10:51:28 +0000";NA;"460,8 Mo";"30,61 Mo"
"P HOGARES 2023/2020/10_IRPF2020_F2_C3.txt";462719116;30401158;"2023-01-09 10:50:59 +0000";NA;"462,72 Mo";"30,4 Mo"
"P HOGARES 2023/2020/10_IRPF2020_F2_C4.txt";450616790;27866905;"2023-01-09 10:50:29 +0000";NA;"450,62 Mo";"27,87 Mo"
"P HOGARES 2023/2020/10_IRPF2020_F2_C5.txt";1216809216;30188550;"2023-01-09 10:49:59 +0000";NA;"1,22 Go";"30,19 Mo"
"P HOGARES 2023/2020/10_IRPF2020_F2_C6.txt";105753506;24385712;"2023-01-09 10:48:38 +0000";NA;"105,75 Mo";"24,39 Mo"
"P HOGARES 2023/2020/10_IRPF2020_F2_C7.txt";105770188;24393087;"2023-01-09 10:48:32 +0000";NA;"105,77 Mo";"24,39 Mo"
"P HOGARES 2023/2020/10_IRPF2020_F2_C8.txt";105755824;24381270;"2023-01-09 10:48:25 +0000";NA;"105,76 Mo";"24,38 Mo"
"P HOGARES 2023/2020/10_IRPF2020_F3.txt";105753544;24376115;"2023-01-09 10:48:18 +0000";NA;"105,75 Mo";"24,38 Mo"
"P HOGARES 2023/2020/10_IRPF2020_F4.txt";345090512;25808133;"2023-01-09 10:48:11 +0000";NA;"345,09 Mo";"25,81 Mo"
"P HOGARES 2023/2020/11_M150_2020.TXT";6881;415;"2023-05-30 06:10:44 +0000";NA;"6,88 Ko";"415 o"
"P HOGARES 2023/2020/11_M151_2020.TXT";1926643;140560;"2023-01-09 10:44:39 +0000";NA;"1,93 Mo";"140,56 Ko"
"P HOGARES 2023/2020/1_IDEN2020.txt";395184154;58906554;"2023-01-09 10:58:45 +0000";NA;"395,18 Mo";"58,91 Mo"
"P HOGARES 2023/2020/2_Renta2020.txt";2034363497;102144957;"2023-01-09 10:58:23 +0000";NA;"2,03 Go";"102,14 Mo"
"P HOGARES 2023/2020/3_RentaImputacion2020.txt";2134551029;62996055;"2023-01-09 10:56:31 +0000";NA;"2,13 Go";"63 Mo"
"P HOGARES 2023/2020/4_IRPF2020.txt";595724637;243551910;"2023-08-23 11:14:07 +0000";NA;"595,72 Mo";"243,55 Mo"
"P HOGARES 2023/2020/5_Patrimonio2020.txt";676265841;58295087;"2023-01-09 10:47:27 +0000";NA;"676,27 Mo";"58,3 Mo"
"P HOGARES 2023/2020/6_M714_2020.txt";18446744071649323008;34462055;"2023-01-09 10:47:48 +0000";NA;"18 446 744 To";"34,46 Mo"
"P HOGARES 2023/2020/7_M190_2020.txt";947548016;60608518;"2023-05-11 13:56:55 +0000";NA;"947,55 Mo";"60,61 Mo"
"P HOGARES 2023/2020/8_IRPF2020_RRII.txt";223837289;83199153;"2023-01-09 10:52:22 +0000";NA;"223,84 Mo";"83,2 Mo"
"P HOGARES 2023/2020/9_IRPF2020_AAEE_AGRI.txt";726697341;29044329;"2023-01-09 10:53:57 +0000";NA;"726,7 Mo";"29,04 Mo"
"P HOGARES 2023/2020/9_IRPF2020_AAEE_NORMAL.txt";1798869017;41298098;"2023-01-09 10:54:31 +0000";NA;"1,8 Go";"41,3 Mo"
"P HOGARES 2023/2020/9_IRPF2020_AAEE_OBJE.txt";676630584;28509513;"2023-01-09 10:53:07 +0000";NA;"676,63 Mo";"28,51 Mo"
"P HOGARES 2023/2021/10_IRPF2021_F1_C1.txt";277193882;26340557;"2023-08-08 08:25:05 +0000";NA;"277,19 Mo";"26,34 Mo"
"P HOGARES 2023/2021/10_IRPF2021_F1_C2.txt";243251774;25938329;"2023-08-08 08:26:53 +0000";NA;"243,25 Mo";"25,94 Mo"
"P HOGARES 2023/2021/10_IRPF2021_F1_C3.txt";379020206;26884748;"2023-09-06 07:20:44 +0000";NA;"379,02 Mo";"26,88 Mo"
"P HOGARES 2023/2021/10_IRPF2021_F2_C1.txt";107483342;24812216;"2023-08-08 08:29:33 +0000";NA;"107,48 Mo";"24,81 Mo"
"P HOGARES 2023/2021/10_IRPF2021_F2_C2.txt";469118748;31231343;"2023-08-08 08:31:00 +0000";NA;"469,12 Mo";"31,23 Mo"
"P HOGARES 2023/2021/10_IRPF2021_F2_C3.txt";470265354;30907732;"2023-08-08 08:32:53 +0000";NA;"470,27 Mo";"30,91 Mo"
"P HOGARES 2023/2021/10_IRPF2021_F2_C4.txt";453684992;27943178;"2023-08-08 08:34:05 +0000";NA;"453,68 Mo";"27,94 Mo"
"P HOGARES 2023/2021/10_IRPF2021_F2_C5.txt";1250205572;33359588;"2023-09-06 10:30:19 +0000";NA;"1,25 Go";"33,36 Mo"
"P HOGARES 2023/2021/10_IRPF2021_F2_C6.txt";107483342;24806475;"2023-08-08 08:38:48 +0000";NA;"107,48 Mo";"24,81 Mo"
"P HOGARES 2023/2021/10_IRPF2021_F2_C7.txt";107499568;24817134;"2023-08-08 08:41:27 +0000";NA;"107,5 Mo";"24,82 Mo"
"P HOGARES 2023/2021/10_IRPF2021_F2_C8.txt";107486724;24805011;"2023-08-08 08:42:30 +0000";NA;"107,49 Mo";"24,81 Mo"
"P HOGARES 2023/2021/10_IRPF2021_F3.txt";107483494;24798466;"2023-08-08 08:43:17 +0000";NA;"107,48 Mo";"24,8 Mo"
"P HOGARES 2023/2021/10_IRPF2021_F4.txt";350735116;26248678;"2023-08-08 08:44:04 +0000";NA;"350,74 Mo";"26,25 Mo"
"P HOGARES 2023/2021/11_M151_2021.TXT";1844343;135081;"2023-08-08 08:44:54 +0000";NA;"1,84 Mo";"135,08 Ko"
"P HOGARES 2023/2021/2_Renta2021.txt";2067640079;105296439;"2023-08-08 07:02:00 +0000";NA;"2,07 Go";"105,3 Mo"
"P HOGARES 2023/2021/3_RentaImputacion2021.txt";18446744071584051200;64404693;"2023-08-08 07:04:39 +0000";NA;"18 446 744 To";"64,4 Mo"
"P HOGARES 2023/2021/4_IRPF2021.txt";18446744072249987072;256598109;"2023-09-06 07:43:54 +0000";NA;"18 446 744 To";"256,6 Mo"
"P HOGARES 2023/2021/5_Patrimonio2021.txt";687327687;60837033;"2023-08-08 07:52:58 +0000";NA;"687,33 Mo";"60,84 Mo"
"P HOGARES 2023/2021/6_M714_2021.txt";18446744071770732544;35270575;"2023-08-08 07:56:00 +0000";NA;"18 446 744 To";"35,27 Mo"
"P HOGARES 2023/2021/7_M190_2021.txt";955547492;62779280;"2023-08-08 08:12:01 +0000";NA;"955,55 Mo";"62,78 Mo"
"P HOGARES 2023/2021/8_IRPF2021_RRII.txt";325826564;84092623;"2023-08-08 08:17:52 +0000";NA;"325,83 Mo";"84,09 Mo"
"P HOGARES 2023/2021/9_IRPF2021_AAEE_AGRI.txt";738574668;29547987;"2023-08-08 08:23:31 +0000";NA;"738,57 Mo";"29,55 Mo"
"P HOGARES 2023/2021/9_IRPF2021_AAEE_NORMAL.txt";1828845677;42544023;"2023-08-08 08:20:35 +0000";NA;"1,83 Go";"42,54 Mo"
"P HOGARES 2023/2021/9_IRPF2021_AAEE_OBJE.txt";687699234;29024682;"2023-08-08 08:21:49 +0000";NA;"687,7 Mo";"29,02 Mo"
"P HOGARES 2023/2021/_1_IDEN2021.txt";401648278;81890260;"2023-08-08 06:58:39 +0000";NA;"401,65 Mo";"81,89 Mo"
"P HOGARES 2023/2022/_10_IRPF2022_F1_C1.txt";347215167;23127146;"2024-12-04 08:38:48 +0000";NA;"347,22 Mo";"23,13 Mo"
"P HOGARES 2023/2022/_10_IRPF2022_F1_C2.txt";302700402;22675176;"2024-12-04 08:38:59 +0000";NA;"302,7 Mo";"22,68 Mo"
"P HOGARES 2023/2022/_10_IRPF2022_F1_C3.txt";569788992;23154646;"2024-12-04 08:39:18 +0000";NA;"569,79 Mo";"23,15 Mo"
"P HOGARES 2023/2022/_10_IRPF2022_F2_C1.txt";115738389;21511521;"2024-12-04 08:39:25 +0000";NA;"115,74 Mo";"21,51 Mo"
"P HOGARES 2023/2022/_10_IRPF2022_F2_C10.txt";124644954;21223704;"2024-12-04 08:42:06 +0000";NA;"124,64 Mo";"21,22 Mo"
"P HOGARES 2023/2022/_10_IRPF2022_F2_C2.txt";609388224;27188239;"2024-12-04 08:39:44 +0000";NA;"609,39 Mo";"27,19 Mo"
"P HOGARES 2023/2022/_10_IRPF2022_F2_C3.txt";593013696;25522823;"2024-12-04 08:40:04 +0000";NA;"593,01 Mo";"25,52 Mo"
"P HOGARES 2023/2022/_10_IRPF2022_F2_C4.txt";573813312;22947028;"2024-12-04 08:40:23 +0000";NA;"573,81 Mo";"22,95 Mo"
"P HOGARES 2023/2022/_10_IRPF2022_F2_C5.txt";565571670;24831901;"2024-12-04 08:40:43 +0000";NA;"565,57 Mo";"24,83 Mo"
"P HOGARES 2023/2022/_10_IRPF2022_F2_C6.txt";1168655280;29796019;"2024-12-04 08:41:16 +0000";NA;"1,17 Go";"29,8 Mo"
"P HOGARES 2023/2022/_10_IRPF2022_F2_C7.txt";977686656;25547897;"2024-12-04 08:41:46 +0000";NA;"977,69 Mo";"25,55 Mo"
"P HOGARES 2023/2022/_10_IRPF2022_F2_C8.txt";124641342;21227548;"2024-12-04 08:41:52 +0000";NA;"124,64 Mo";"21,23 Mo"
"P HOGARES 2023/2022/_10_IRPF2022_F2_C9.txt";124658268;21236000;"2024-12-04 08:41:59 +0000";NA;"124,66 Mo";"21,24 Mo"
"P HOGARES 2023/2022/_10_IRPF2022_F3.txt";124641342;21217786;"2024-12-04 08:42:13 +0000";NA;"124,64 Mo";"21,22 Mo"
"P HOGARES 2023/2022/_10_IRPF2022_F4.txt";442179999;23813245;"2024-12-04 08:42:30 +0000";NA;"442,18 Mo";"23,81 Mo"
"P HOGARES 2023/2022/_11_m151_2022.txt";2690360;151121;"2024-12-04 08:42:30 +0000";NA;"2,69 Mo";"151,12 Ko"
"P HOGARES 2023/2022/_1_IDEN2022.txt";424374093;86048739;"2024-12-04 10:05:15 +0000";NA;"424,37 Mo";"86,05 Mo"
"P HOGARES 2023/2022/_2_Renta2022.txt";18446744072112179200;95341767;"2024-12-04 10:06:22 +0000";NA;"18 446 744 To";"95,34 Mo"
"P HOGARES 2023/2022/_3_RentaImputacion2022.txt";18446744072245723136;60157223;"2024-12-04 10:07:29 +0000";NA;"18 446 744 To";"60,16 Mo"
"P HOGARES 2023/2022/_4_IRPF2022.txt";952203336;254333425;"2024-12-04 14:45:08 +0000";NA;"952,2 Mo";"254,33 Mo"
"P HOGARES 2023/2022/_5_Patrimonio2022.txt";724106844;51651740;"2024-12-04 10:23:43 +0000";NA;"724,11 Mo";"51,65 Mo"
"P HOGARES 2023/2022/_6_M714_2022.txt";18446744071889604608;32247711;"2024-12-04 10:24:44 +0000";NA;"18 446 744 To";"32,25 Mo"
"P HOGARES 2023/2022/_7_M190_2022.txt";1003685865;56473026;"2024-12-04 10:25:19 +0000";NA;"1 Go";"56,47 Mo"
"P HOGARES 2023/2022/_8_IRPF2022_RRII.txt";523578751;84869522;"2024-12-04 10:27:03 +0000";NA;"523,58 Mo";"84,87 Mo"
"P HOGARES 2023/2022/_9_IRPF2022_AAEE_AGRI.txt";1045078496;25773373;"2024-12-04 10:29:04 +0000";NA;"1,05 Go";"25,77 Mo"
"P HOGARES 2023/2022/_9_IRPF2022_AAEE_DIRE.txt";18446744071793147904;38758809;"2024-12-04 10:28:02 +0000";NA;"18 446 744 To";"38,76 Mo"
"P HOGARES 2023/2022/_9_IRPF2022_AAEE_OBJE.txt";902633152;25249779;"2024-12-04 10:28:31 +0000";NA;"902,63 Mo";"25,25 Mo"
"P HOGARES 2023/2023/_10_IRPF2023_F1_C1.txt";415780560;27717259;"2025-11-24 12:33:03 +0000";NA;"415,78 Mo";"27,72 Mo"
"P HOGARES 2023/2023/_10_IRPF2023_F1_C2.txt";362475360;27138764;"2025-11-24 12:33:12 +0000";NA;"362,48 Mo";"27,14 Mo"
"P HOGARES 2023/2023/_10_IRPF2023_F1_C3.txt";682306560;27875909;"2025-11-24 12:33:27 +0000";NA;"682,31 Mo";"27,88 Mo"
"P HOGARES 2023/2023/_10_IRPF2023_F2_C1.txt";138593520;25759322;"2025-11-24 12:33:32 +0000";NA;"138,59 Mo";"25,76 Mo"
"P HOGARES 2023/2023/_10_IRPF2023_F2_C10.txt";149258760;25411081;"2025-11-24 12:35:57 +0000";NA;"149,26 Mo";"25,41 Mo"
"P HOGARES 2023/2023/_10_IRPF2023_F2_C2.txt";725000832;32002230;"2025-11-24 12:33:48 +0000";NA;"725 Mo";"32 Mo"
"P HOGARES 2023/2023/_10_IRPF2023_F2_C3.txt";707734272;30252494;"2025-11-24 12:34:05 +0000";NA;"707,73 Mo";"30,25 Mo"
"P HOGARES 2023/2023/_10_IRPF2023_F2_C4.txt";684165120;27220588;"2025-11-24 12:34:21 +0000";NA;"684,17 Mo";"27,22 Mo"
"P HOGARES 2023/2023/_10_IRPF2023_F2_C5.txt";677911450;29822061;"2025-11-24 12:34:37 +0000";NA;"677,91 Mo";"29,82 Mo"
"P HOGARES 2023/2023/_10_IRPF2023_F2_C6.txt";1666036410;36551394;"2025-11-24 12:35:14 +0000";NA;"1,67 Go";"36,55 Mo"
"P HOGARES 2023/2023/_10_IRPF2023_F2_C7.txt";1169839880;30398768;"2025-11-24 12:35:40 +0000";NA;"1,17 Go";"30,4 Mo"
"P HOGARES 2023/2023/_10_IRPF2023_F2_C8.txt";149254560;25415019;"2025-11-24 12:35:47 +0000";NA;"149,25 Mo";"25,42 Mo"
"P HOGARES 2023/2023/_10_IRPF2023_F2_C9.txt";149271612;25425141;"2025-11-24 12:35:52 +0000";NA;"149,27 Mo";"25,43 Mo"
"P HOGARES 2023/2023/_10_IRPF2023_F3.txt";149254560;25404946;"2025-11-24 12:36:02 +0000";NA;"149,25 Mo";"25,4 Mo"
"P HOGARES 2023/2023/_10_IRPF2023_F4.txt";529498320;28503783;"2025-11-24 12:36:14 +0000";NA;"529,5 Mo";"28,5 Mo"
"P HOGARES 2023/2023/_11_m151_2023.txt";901664;235701;"2026-01-14 08:28:17 +0000";NA;"901,66 Ko";"235,7 Ko"
"P HOGARES 2023/2023/_1_IDEN2023.txt";508176240;104995575;"2025-11-24 12:23:29 +0000";NA;"508,18 Mo";"105 Mo"
"P HOGARES 2023/2023/_2_Renta2023.txt";18446744072644880384;114963848;"2025-11-24 12:24:36 +0000";NA;"18 446 744 To";"114,96 Mo"
"P HOGARES 2023/2023/_3_RentaImputacion2023.txt";18446744072804794368;72138841;"2025-11-24 12:25:42 +0000";NA;"18 446 744 To";"72,14 Mo"
"P HOGARES 2023/2023/_4_IRPF2023.txt";18446744073635080192;302464293;"2025-11-24 12:44:13 +0000";NA;"18 446 744 To";"302,46 Mo"
"P HOGARES 2023/2023/_5_Patrimonio2023.txt";938171520;60363256;"2025-11-24 12:44:39 +0000";NA;"938,17 Mo";"60,36 Mo"
"P HOGARES 2023/2023/_6_M714_2023.txt";18446744072378353664;42420024;"2026-01-14 11:23:25 +0000";NA;"18 446 744 To";"42,42 Mo"
"P HOGARES 2023/2023/_7_M190_2023.txt";1216594800;67304255;"2025-11-24 12:46:15 +0000";NA;"1,22 Go";"67,3 Mo"
"P HOGARES 2023/2023/_8_IRPF2023_RRII.txt";1264379199;95682099;"2025-11-24 12:48:01 +0000";NA;"1,26 Go";"95,68 Mo"
"P HOGARES 2023/2023/_9_IRPF2023_AAEE_AGRI.txt";1251330432;30526540;"2025-11-24 12:49:53 +0000";NA;"1,25 Go";"30,53 Mo"
"P HOGARES 2023/2023/_9_IRPF2023_AAEE_DIRE.txt";18446744072369123328;45805804;"2025-11-24 12:48:59 +0000";NA;"18 446 744 To";"45,81 Mo"
"P HOGARES 2023/2023/_9_IRPF2023_AAEE_OBJE.txt";1080853456;30149445;"2025-11-24 12:49:24 +0000";NA;"1,08 Go";"30,15 Mo"
"P HOGARES 2023/9997 Modelo100His/100His_2016_2019/DEC1998p.txt";258939389;59711496;"2021-10-01 10:56:30 +0000";NA;"258,94 Mo";"59,71 Mo"
"P HOGARES 2023/9997 Modelo100His/100His_2016_2019/DEC1999p.txt";220086778;50257419;"2021-10-01 10:56:27 +0000";NA;"220,09 Mo";"50,26 Mo"
"P HOGARES 2023/9997 Modelo100His/100His_2016_2019/DEC2000p.txt";244246612;56170360;"2021-10-01 10:56:46 +0000";NA;"244,25 Mo";"56,17 Mo"
"P HOGARES 2023/9997 Modelo100His/100His_2016_2019/DEC2001p.txt";296008368;59173460;"2021-10-01 10:56:54 +0000";NA;"296,01 Mo";"59,17 Mo"
"P HOGARES 2023/9997 Modelo100His/100His_2016_2019/DEC2002p.txt";382860208;64895978;"2021-10-01 10:57:16 +0000";NA;"382,86 Mo";"64,9 Mo"
"P HOGARES 2023/9997 Modelo100His/100His_2016_2019/DEC2003p.txt";325378589;71459049;"2021-10-01 10:57:21 +0000";NA;"325,38 Mo";"71,46 Mo"
"P HOGARES 2023/9997 Modelo100His/100His_2016_2019/DEC2004p.txt";428151609;83152896;"2021-10-01 10:57:50 +0000";NA;"428,15 Mo";"83,15 Mo"
"P HOGARES 2023/9997 Modelo100His/100His_2016_2019/DEC2005p.txt";454544146;88442170;"2021-10-01 10:57:58 +0000";NA;"454,54 Mo";"88,44 Mo"
"P HOGARES 2023/9997 Modelo100His/100His_2016_2019/DEC2006p.txt";481365011;94336742;"2021-10-01 10:58:29 +0000";NA;"481,37 Mo";"94,34 Mo"
"P HOGARES 2023/9997 Modelo100His/100His_2016_2019/DEC2007p.txt";606024052;117277913;"2021-10-01 10:58:46 +0000";NA;"606,02 Mo";"117,28 Mo"
"P HOGARES 2023/9997 Modelo100His/100His_2016_2019/DEC2008p.txt";648243228;124423623;"2021-10-01 10:59:18 +0000";NA;"648,24 Mo";"124,42 Mo"
"P HOGARES 2023/9997 Modelo100His/100His_2016_2019/DEC2009p.txt";656366086;123518523;"2021-10-01 10:59:36 +0000";NA;"656,37 Mo";"123,52 Mo"
"P HOGARES 2023/9997 Modelo100His/100His_2016_2019/DEC2010p.txt";730793762;119063248;"2021-10-01 11:00:12 +0000";NA;"730,79 Mo";"119,06 Mo"
"P HOGARES 2023/9997 Modelo100His/100His_2016_2019/DEC2011p.txt";876550171;128875010;"2021-10-01 11:00:45 +0000";NA;"876,55 Mo";"128,88 Mo"
"P HOGARES 2023/9997 Modelo100His/100His_2016_2019/DEC2012p.txt";880750125;138883665;"2021-10-01 11:01:20 +0000";NA;"880,75 Mo";"138,88 Mo"
"P HOGARES 2023/9997 Modelo100His/100His_2016_2019/DEC2013p.txt";725675906;126851344;"2021-10-01 11:01:42 +0000";NA;"725,68 Mo";"126,85 Mo"
"P HOGARES 2023/9997 Modelo100His/100His_2016_2019/DEC2014p.txt";1123794240;135973408;"2021-10-01 11:02:48 +0000";NA;"1,12 Go";"135,97 Mo"
"P HOGARES 2023/9997 Modelo100His/100His_2016_2019/DEC2015p.txt";814292101;128543199;"2021-10-01 11:14:04 +0000";NA;"814,29 Mo";"128,54 Mo"
"P HOGARES 2023/9997 Modelo100His/100His_2016_2019/DiseñoRegistro.xlsx";368084;346745;"2023-03-10 08:06:07 +0000";NA;"368,08 Ko";"346,74 Ko"
"P HOGARES 2023/9997 Modelo100His/100His_2020/DEC2002m.txt";14732906;2428726;"2023-01-18 11:32:01 +0000";NA;"14,73 Mo";"2,43 Mo"
"P HOGARES 2023/9997 Modelo100His/100His_2020/DEC2003m.txt";12628858;2692045;"2023-01-18 11:31:55 +0000";NA;"12,63 Mo";"2,69 Mo"
"P HOGARES 2023/9997 Modelo100His/100His_2020/DEC2004m.txt";16962513;3163085;"2023-01-18 11:32:08 +0000";NA;"16,96 Mo";"3,16 Mo"
"P HOGARES 2023/9997 Modelo100His/100His_2020/DEC2005m.txt";18330482;3420428;"2023-01-18 11:32:14 +0000";NA;"18,33 Mo";"3,42 Mo"
"P HOGARES 2023/9997 Modelo100His/100His_2020/DEC2006m.txt";19859565;3725083;"2023-01-18 11:32:19 +0000";NA;"19,86 Mo";"3,73 Mo"
"P HOGARES 2023/9997 Modelo100His/100His_2020/DEC2007m.txt";25821783;4785859;"2023-01-18 11:32:27 +0000";NA;"25,82 Mo";"4,79 Mo"
"P HOGARES 2023/9997 Modelo100His/100His_2020/DEC2008m.txt";28185580;5185676;"2023-01-18 11:32:31 +0000";NA;"28,19 Mo";"5,19 Mo"
"P HOGARES 2023/9997 Modelo100His/100His_2020/DEC2009m.txt";28818503;5179792;"2023-01-18 11:32:41 +0000";NA;"28,82 Mo";"5,18 Mo"
"P HOGARES 2023/9997 Modelo100His/100His_2020/DEC2010m.txt";32454071;5054792;"2023-01-18 11:32:42 +0000";NA;"32,45 Mo";"5,05 Mo"
"P HOGARES 2023/9997 Modelo100His/100His_2020/DEC2011m.txt";39577290;5524490;"2023-01-18 11:32:56 +0000";NA;"39,58 Mo";"5,52 Mo"
"P HOGARES 2023/9997 Modelo100His/100His_2020/DEC2012m.txt";40206841;5970881;"2023-01-18 11:32:57 +0000";NA;"40,21 Mo";"5,97 Mo"
"P HOGARES 2023/9997 Modelo100His/100His_2020/DEC2013m.txt";33232319;5478917;"2023-01-18 11:33:08 +0000";NA;"33,23 Mo";"5,48 Mo"
"P HOGARES 2023/9997 Modelo100His/100His_2020/DEC2014m.txt";44224343;6536573;"2023-01-18 11:33:13 +0000";NA;"44,22 Mo";"6,54 Mo"
"P HOGARES 2023/9997 Modelo100His/100His_2020/DEC2015m.txt";39064847;5742419;"2023-01-18 11:33:17 +0000";NA;"39,06 Mo";"5,74 Mo"
"P HOGARES 2023/9997 Modelo100His/100His_2021/DEC2002m.txt";15035863;2482566;"2023-09-12 08:03:30 +0000";NA;"15,04 Mo";"2,48 Mo"
"P HOGARES 2023/9997 Modelo100His/100His_2021/DEC2003m.txt";12917675;2747290;"2023-09-12 08:03:30 +0000";NA;"12,92 Mo";"2,75 Mo"
"P HOGARES 2023/9997 Modelo100His/100His_2021/DEC2004m.txt";17205566;3209364;"2023-09-12 08:03:30 +0000";NA;"17,21 Mo";"3,21 Mo"
"P HOGARES 2023/9997 Modelo100His/100His_2021/DEC2005m.txt";18591356;3472727;"2023-09-12 08:03:30 +0000";NA;"18,59 Mo";"3,47 Mo"
"P HOGARES 2023/9997 Modelo100His/100His_2021/DEC2006m.txt";20159861;3779478;"2023-09-12 08:03:30 +0000";NA;"20,16 Mo";"3,78 Mo"
"P HOGARES 2023/9997 Modelo100His/100His_2021/DEC2007m.txt";26117374;4843258;"2023-09-12 08:03:31 +0000";NA;"26,12 Mo";"4,84 Mo"
"P HOGARES 2023/9997 Modelo100His/100His_2021/DEC2008m.txt";28336352;5218164;"2023-09-12 08:03:31 +0000";NA;"28,34 Mo";"5,22 Mo"
"P HOGARES 2023/9997 Modelo100His/100His_2021/DEC2009m.txt";28863307;5196083;"2023-09-12 08:03:32 +0000";NA;"28,86 Mo";"5,2 Mo"
"P HOGARES 2023/9997 Modelo100His/100His_2021/DEC2010m.txt";47942638;5613152;"2023-09-12 08:03:33 +0000";NA;"47,94 Mo";"5,61 Mo"
"P HOGARES 2023/9997 Modelo100His/100His_2021/DEC2011m.txt";39581884;5529847;"2023-09-12 08:03:32 +0000";NA;"39,58 Mo";"5,53 Mo"
"P HOGARES 2023/9997 Modelo100His/100His_2021/DEC2012m.txt";40093467;5979072;"2023-09-12 08:03:33 +0000";NA;"40,09 Mo";"5,98 Mo"
"P HOGARES 2023/9997 Modelo100His/100His_2021/DEC2013m.txt";33244341;5496921;"2023-09-12 08:03:33 +0000";NA;"33,24 Mo";"5,5 Mo"
"P HOGARES 2023/9997 Modelo100His/100His_2021/DEC2014m.txt";44704779;6617705;"2023-09-12 08:03:34 +0000";NA;"44,7 Mo";"6,62 Mo"
"P HOGARES 2023/9997 Modelo100His/100His_2021/DEC2015m.txt";39177270;5779225;"2023-09-12 08:03:34 +0000";NA;"39,18 Mo";"5,78 Mo"
"P HOGARES 2023/9997 Modelo100His/100His_2022/DEC2002m.txt";18042290;2495333;"2024-09-25 12:43:16 +0000";NA;"18,04 Mo";"2,5 Mo"
"P HOGARES 2023/9997 Modelo100His/100His_2022/DEC2003m.txt";22332923;2998651;"2024-09-25 12:43:16 +0000";NA;"22,33 Mo";"3 Mo"
"P HOGARES 2023/9997 Modelo100His/100His_2022/DEC2004m.txt";21745589;3185159;"2024-09-25 12:43:16 +0000";NA;"21,75 Mo";"3,19 Mo"
"P HOGARES 2023/9997 Modelo100His/100His_2022/DEC2005m.txt";24388030;3450447;"2024-09-25 12:43:16 +0000";NA;"24,39 Mo";"3,45 Mo"
"P HOGARES 2023/9997 Modelo100His/100His_2022/DEC2006m.txt";26773570;3754161;"2024-09-25 12:43:16 +0000";NA;"26,77 Mo";"3,75 Mo"
"P HOGARES 2023/9997 Modelo100His/100His_2022/DEC2007m.txt";34792142;4816201;"2024-09-25 12:43:17 +0000";NA;"34,79 Mo";"4,82 Mo"
"P HOGARES 2023/9997 Modelo100His/100His_2022/DEC2008m.txt";38263342;5213711;"2024-09-25 12:43:18 +0000";NA;"38,26 Mo";"5,21 Mo"
"P HOGARES 2023/9997 Modelo100His/100His_2022/DEC2009m.txt";41633631;5541337;"2024-09-25 12:43:18 +0000";NA;"41,63 Mo";"5,54 Mo"
"P HOGARES 2023/9997 Modelo100His/100His_2022/DEC2010m.txt";45156283;5302274;"2024-09-25 12:43:18 +0000";NA;"45,16 Mo";"5,3 Mo"
"P HOGARES 2023/9997 Modelo100His/100His_2022/DEC2011m.txt";36824187;5142132;"2024-09-25 12:43:18 +0000";NA;"36,82 Mo";"5,14 Mo"
"P HOGARES 2023/9997 Modelo100His/100His_2022/DEC2012m.txt";37236281;5531461;"2024-09-25 12:43:19 +0000";NA;"37,24 Mo";"5,53 Mo"
"P HOGARES 2023/9997 Modelo100His/100His_2022/DEC2013m.txt";31004932;5105620;"2024-09-25 12:43:19 +0000";NA;"31 Mo";"5,11 Mo"
"P HOGARES 2023/9997 Modelo100His/100His_2022/DEC2014m.txt";41853802;6179532;"2024-09-25 12:43:19 +0000";NA;"41,85 Mo";"6,18 Mo"
"P HOGARES 2023/9997 Modelo100His/100His_2022/DEC2015m.txt";36418054;5360051;"2024-09-25 12:43:19 +0000";NA;"36,42 Mo";"5,36 Mo"
"P HOGARES 2023/9997 Modelo100His/100His_2023/DEC1998m.txt";323813763;71544749;"2025-09-09 06:50:26 +0000";NA;"323,81 Mo";"71,54 Mo"
"P HOGARES 2023/9997 Modelo100His/100His_2023/DEC1999m.txt";278634459;61301792;"2025-09-09 06:50:24 +0000";NA;"278,63 Mo";"61,3 Mo"
"P HOGARES 2023/9997 Modelo100His/100His_2023/DEC2000m.txt";312234084;67777683;"2025-09-09 06:50:16 +0000";NA;"312,23 Mo";"67,78 Mo"
"P HOGARES 2023/9997 Modelo100His/100His_2023/DEC2001m.txt";394456335;73420184;"2025-09-09 06:50:17 +0000";NA;"394,46 Mo";"73,42 Mo"
"P HOGARES 2023/9997 Modelo100His/100His_2023/DEC2002m.txt";573841194;81382564;"2025-09-09 06:50:08 +0000";NA;"573,84 Mo";"81,38 Mo"
"P HOGARES 2023/9997 Modelo100His/100His_2023/DEC2003m.txt";704192578;97980007;"2025-09-09 06:50:07 +0000";NA;"704,19 Mo";"97,98 Mo"
"P HOGARES 2023/9997 Modelo100His/100His_2023/DEC2004m.txt";674676664;102930605;"2025-09-09 06:49:54 +0000";NA;"674,68 Mo";"102,93 Mo"
"P HOGARES 2023/9997 Modelo100His/100His_2023/DEC2005m.txt";746061204;109971614;"2025-09-09 06:49:50 +0000";NA;"746,06 Mo";"109,97 Mo"
"P HOGARES 2023/9997 Modelo100His/100His_2023/DEC2006m.txt";806309703;118013174;"2025-09-09 06:49:37 +0000";NA;"806,31 Mo";"118,01 Mo"
"P HOGARES 2023/9997 Modelo100His/100His_2023/DEC2007m.txt";1037362739;149474249;"2025-09-09 06:49:31 +0000";NA;"1,04 Go";"149,47 Mo"
"P HOGARES 2023/9997 Modelo100His/100His_2023/DEC2008m.txt";1122959927;159148400;"2025-09-09 06:49:18 +0000";NA;"1,12 Go";"159,15 Mo"
"P HOGARES 2023/9997 Modelo100His/100His_2023/DEC2009m.txt";1212570848;168316332;"2025-09-09 06:49:07 +0000";NA;"1,21 Go";"168,32 Mo"
"P HOGARES 2023/9997 Modelo100His/100His_2023/DEC2010m.txt";1305260739;159790823;"2025-09-09 06:48:52 +0000";NA;"1,31 Go";"159,79 Mo"
"P HOGARES 2023/9997 Modelo100His/100His_2023/DEC2011m.txt";1067365173;158654662;"2025-09-09 06:48:38 +0000";NA;"1,07 Go";"158,65 Mo"
"P HOGARES 2023/9997 Modelo100His/100His_2023/DEC2012m.txt";1074138855;170537229;"2025-09-09 06:48:21 +0000";NA;"1,07 Go";"170,54 Mo"
"P HOGARES 2023/9997 Modelo100His/100His_2023/DEC2013m.txt";887891321;156446949;"2025-09-09 06:48:13 +0000";NA;"887,89 Mo";"156,45 Mo"
"P HOGARES 2023/9997 Modelo100His/100His_2023/DEC2014m.txt";1083268307;168618196;"2025-09-09 06:47:55 +0000";NA;"1,08 Go";"168,62 Mo"
"P HOGARES 2023/9997 Modelo100His/100His_2023/DEC2015m.txt";1024673735;161120985;"2025-09-09 06:47:52 +0000";NA;"1,02 Go";"161,12 Mo"
"Doc_4_2025.pdf";494548;450326;"2025-12-18 07:40:08 +0000";NA;"494,55 Ko";"450,33 Ko"
"P HOGARES 2023/9997 Modelo100His/100His_2016_2019";NA;0;"2025-12-09 11:43:26 +0000";1;NA;"0 o"
"P HOGARES 2023/9997 Modelo100His/100His_2020";NA;0;"2025-12-09 11:41:18 +0000";1;NA;"0 o"
"P HOGARES 2023/9997 Modelo100His/100His_2021";NA;0;"2025-12-09 11:41:25 +0000";1;NA;"0 o"
"P HOGARES 2023/9997 Modelo100His/100His_2022";NA;0;"2025-12-09 11:41:31 +0000";1;NA;"0 o"
"P HOGARES 2023/9997 Modelo100His/100His_2023";NA;0;"2025-12-09 11:42:34 +0000";1;NA;"0 o"
"P HOGARES 2023/000 IDEN";NA;0;"2025-12-16 12:23:14 +0000";1;NA;"0 o"
"P HOGARES 2023/001 Relaciones";NA;0;"2025-12-09 13:58:55 +0000";1;NA;"0 o"
"P HOGARES 2023/002 Ficheros adicionales";NA;0;"2025-12-09 16:20:31 +0000";1;NA;"0 o"
"P HOGARES 2023/2016";NA;0;"2025-12-16 12:18:09 +0000";1;NA;"0 o"
"P HOGARES 2023/2017";NA;0;"2025-12-16 12:18:40 +0000";1;NA;"0 o"
"P HOGARES 2023/2018";NA;0;"2025-12-16 12:18:49 +0000";1;NA;"0 o"
"P HOGARES 2023/2019";NA;0;"2025-12-16 12:18:57 +0000";1;NA;"0 o"
"P HOGARES 2023/2020";NA;0;"2025-12-16 12:20:09 +0000";1;NA;"0 o"
"P HOGARES 2023/2021";NA;0;"2025-12-16 12:21:36 +0000";1;NA;"0 o"
"P HOGARES 2023/2022";NA;0;"2025-12-16 12:22:05 +0000";1;NA;"0 o"
"P HOGARES 2023/2023";NA;0;"2025-12-16 12:22:43 +0000";1;NA;"0 o"
"P HOGARES 2023/9997 Modelo100His";NA;0;"2025-12-09 13:59:33 +0000";1;NA;"0 o"
"P HOGARES 2023";NA;0;"2025-12-16 12:17:56 +0000";1;NA;"0 o"
